participant_id	age	sex	group
sub-22449	29	M	control
sub-24037	28	F	control
sub-24762	30	F	control
sub-60476	21	M	control
sub-60501	30	F	control
sub-60505	25	F	control
sub-60514	20	F	control
sub-60515	20	F	control
sub-60516	26	M	control
sub-60517	21	F	control
sub-60518	29	F	control
sub-60519	21	M	control
sub-60520	20	M	control
sub-60522	28	F	control
sub-60526	21	F	control
sub-60531	27	F	control
sub-60532	22	M	control
sub-60545	20	F	control
sub-60553	23	F	control
sub-60556	25	M	control
sub-60563	20	F	control
sub-60641	21	F	control
sub-PILOT01	30	F	control
sub-PILOT02	44	M	control
sub-PILOT03	36	M	control
sub-PILOT04	35	M	control
